"hour","transactions","revenue"
"14","9","2866.7"
"15","12","6873.63"
"16","12","5042.649999999999"
"17","12","1212.65"
"18","2","244.95000000000002"
